Título,ISBN
"ASCENSAO DO RESTO, A",9788571399167
"CIÊNCIA, EDUCAÇÃO E LIVROS DIDÁTICOS DO SÉCULO XIX",
Promocional,9780000000000
Uma estratégia para o Ocidente: o conceito de democracia em GRAMSCI e o PCB,
1a ed. TEMAS ATUAIS EM DIDATICA,9788570418364
Discussões tusculanas,9788570783080
promocional,9780000000000
As leis,
PODE O SUBALTERNO FALAR?,9788570418166
SOCIOLOGIA DO DESCONHECIMENTO,9786557110768
TRANSICAO E PERMANENCIA,9786557112137
TRANSICAO E PERMANENCIA,9786557112137
Transmissão de energia elétrica,9788570783851
Transmissão de energia elétrica,9788570783851
Transmissão de energia elétrica,9788570783851
Transmissão de energia elétrica,9788570783851
Promocional,9780000000000
Promocional,9780000000000
Promocional,9780000000000
Promocional,9780000000000
Promocional,9780000000000
"FILOSOFIA DE MICHEL FOUCAULT,",9788539303557
"EXPERIENCIA INDIZIVEL, A",9788571397217
"FILOSOFIA DE MICHEL FOUCAULT,",9788539303557
Ensaios sobre língua e linguagem,9786558240259
Encontro na LINGUAGEM,
"Ensinando tradução: programas, disciplinas e abordagens pedagógicas",9786588055014
Ensino de tradução: proposições didáticas,
1a ed. BIOTECNOLOGIAS - NOVOS DESAFIOS E NOVA RESPONSABILIDADE A LUZ DA ETICA DE HANS JONAS,
promocional ,9780000000000
promocional,9780000000000
1a ed. ECOLOGIA COMPORTAMENTAL: UMA CONVERSA SOBRE BIOLOGIA EVOLUTIVA,9786588055151
1a ed. ECOLOGIA COMPORTAMENTAL: UMA CONVERSA SOBRE BIOLOGIA EVOLUTIVA,9786588055151
"SEGREDOS DAS PALAVRAS, OS",9786557112090
MUNDO DE PARMENIDES - 2. EDICA,9788539308033
"CIENCIA E AS CIENCIAS, A",9788571390645
Promocional,9780000000000
Promocional,9780000000000
Promocional,9780000000000
Transmissão de energia elétrica,9788570783851
Discussões tusculanas,9788570783080
Transmissão de energia elétrica,9788570783851
Transmissão de energia elétrica,9788570783851
1a ed. ECOLOGIA COMPORTAMENTAL: UMA CONVERSA SOBRE BIOLOGIA EVOLUTIVA,9786588055151
1a ed. ECOLOGIA COMPORTAMENTAL: UMA CONVERSA SOBRE BIOLOGIA EVOLUTIVA,9786588055151
1a ed. ECOLOGIA COMPORTAMENTAL: UMA CONVERSA SOBRE BIOLOGIA EVOLUTIVA,9786588055151
1a ed. ECOLOGIA COMPORTAMENTAL: UMA CONVERSA SOBRE BIOLOGIA EVOLUTIVA,9786588055151
Transmissão de energia elétrica,9788570783851
A igreja como poder eclesiástico e civil em Thomas Hobbes,9786588055038
Discussões tusculanas,9788570783080
A divinação,9788570784131
As leis,
DA MISTICA A CIENCIA,9786557112519
1a ed. PODE O SUBALTERNO FALAR?,9788570418166
DISCURSO DE ODIO,9786557110577
Promocional,9780000000000
"NATUREZA DA ARTE, A",9788539307777
"Na rota da educação: epistemologia, teoria, história",
VIOLENCIA REVOLUCIONARIA EM HA,9788571396135
"2a ed. CINCO PARADOXOS DA MODERNIDADE, OS",9788570418340
"A noção de alma na ""Suma de Teologia"" de Tomás de Aquino",9786558240228
DIALETICA INVERTIDA E OUTROS E,9788539305339
ARTIFICACAO,9788539306756
Transmissão de energia elétrica,9788570783851
1a ed. ECOLOGIA COMPORTAMENTAL: UMA CONVERSA SOBRE BIOLOGIA EVOLUTIVA,9786588055151
1a ed. EMBRIAGUEZ,
As leis,
A igreja como poder eclesiástico e civil em Thomas Hobbes,9786588055038
A igreja como poder eclesiástico e civil em Thomas Hobbes,9786588055038
1a ed. ECOLOGIA COMPORTAMENTAL: UMA CONVERSA SOBRE BIOLOGIA EVOLUTIVA,9786588055151
INTRODUCAO A LOGICA - 2. EDICA,9788539306305
OUTROS/LIVRO PATRIMONIOHISTORIAS DE UM BAIRRO EM QUADRINHOS,9786588055182
OUTROS/LIVRO PATRIMONIOHISTORIAS DE UM BAIRRO EM QUADRINHOS,9786588055182
"1a ed. REMONTAGENS DO TEMPO SOFRIDO: O OLHO DA HISTORIA, II",9788542302509
LITERATURA INFANTIL BRASILEIRA,9786557111185
"LEITURA, A",9788571394124
1a ed. DA COR DE TERRA - REPRESENTACOES SOCIAIS DE PROFESSORES SOBRE OS ALUNOS NO CONTEXTO DA LUTA PELA TERRA,
1a ed. ENTRENOTAS - COMPREENSOES DE PESQUISA,9788570419934
FE E SABER,9788539304035
"PERSISTENCIA DOS DEUSES, A",9788571395572
SOCIOLOGIA DAS RELIGIOES,9788539302659
 Pedagogias da Beleza,9786558240327
DA SENZALA A COLONIA - 5. EDIC,9788539300334
SOBRE O MAL,9786557111420
"POLIMATA, O",9786557110058
MATERIALISMO,9786557111772
Promocional,9780000000000
1a ed. ECOLOGIA COMPORTAMENTAL: UMA CONVERSA SOBRE BIOLOGIA EVOLUTIVA,9786588055151
1a ed. ECOLOGIA COMPORTAMENTAL: UMA CONVERSA SOBRE BIOLOGIA EVOLUTIVA,9786588055151
Ensaios sobre língua e linguagem,9786558240259
Mitos da Terra-Média: mitologia e modernidade na obra de J.R.R. Tolkien,9788570784766
"REVOLUCAO ALEMA - 2. EDICAO, A",9788539308262
"REVOLUCAO CHINESA, A",9788571394810
FIGURA DO HEROI ANTIGO NAS CRO,9788539304219
A divinação,9788570784131
1a ed. IMPRESSAO E EXPRESSAO: FORMAS DO IMEDIATO EM WALTER BENJAMIN,9788542303209
1a ed. IMPRESSAO E EXPRESSAO: FORMAS DO IMEDIATO EM WALTER BENJAMIN,9788542303209
1a ed. LITERATURA PARA QUE ?,9788570417534
"SEGREDOS DAS PALAVRAS, OS",9786557112090
LINGUISTICA CARTESIANA,9786557112526
OUTROS/LIVRO PATRIMONIOHISTORIAS DE UM BAIRRO EM QUADRINHOS,9786588055182
BIOHQ3 insetos BIOLOGIA EM QUADRINHOS,
1a ed. O QUE EXISTE? O QUE NAO EXISTE?,9788553128044
Mitos da Terra-Média: mitologia e modernidade na obra de J.R.R. Tolkien,9788570784766
A igreja como poder eclesiástico e civil em Thomas Hobbes,9786588055038
"1a ed. MARAVILHAS DO MUNDO ANTIGO - HERODOTO, PAI DA HISTORIA?",9788570414069
"VIDA EM COMUM, A",9788539305063
"A noção de alma na ""Suma de Teologia"" de Tomás de Aquino",9786558240228
1a ed. ECOLOGIA COMPORTAMENTAL: UMA CONVERSA SOBRE BIOLOGIA EVOLUTIVA,9786588055151
UMA LATENTE FILOSOFIA DO TEMPO,9786557110522
UM NATURALISTA NO ANTROPOCENO,9786557112717
"DESESPERO HUMANO, O",9788539300730
O que a escola faz? Elementos para a compreensão da vida escola,
PERSPECTIVAS DO ENSINO DE HISTÓRIA,
INFORMACAO E IMAGINARIO,9786558581062
"1a ed. ATLAS OU O GAIO SABER INQUIETO - O OLHO DA HISTORIA, III",9788542302400
Promocional,9780000000000
ONTEM AO LUAR,
NIETZSCHE - O MUNDO DA TERRA,9786557110799
MATERIALISMO,9786557111772
BIOHQ3 insetos BIOLOGIA EM QUADRINHOS,
ARTE/EDUCACAO COMO MEDIACAO CU,9788571399068
BIOHQ3 insetos BIOLOGIA EM QUADRINHOS,
BIOHQ3 insetos BIOLOGIA EM QUADRINHOS,
BIOHQ3 insetos BIOLOGIA EM QUADRINHOS,
BIOHQ3 insetos BIOLOGIA EM QUADRINHOS,
BIOHQ3 insetos BIOLOGIA EM QUADRINHOS,
BIOHQ3 insetos BIOLOGIA EM QUADRINHOS,
HISTORIA ECONOMICA DA ESCOLA,9786557112342
Mitos da Terra-Média: mitologia e modernidade na obra de J.R.R. Tolkien,9788570784766
1a ed. ECOLOGIA COMPORTAMENTAL: UMA CONVERSA SOBRE BIOLOGIA EVOLUTIVA,9786588055151
Promocional,9780000000000
